Datetime,1,2,3,4,5,6,7,8,9,10,11,12,13,14,15,16,17,18,19,20,21,22,23,24,25,26,27,28,29,30,31,32,33,34,35,36,37,38,39,40,41,42,43,44,45,46,47,48,49,50,51,52,53,54,55,56,57,58,59,60,61,62,63,64,65,66,67,68,69,70,71,72,73,74,75,76,77,78,79,80,81,82,83,84,85,86,87,88,89,91,93,94,95,96,97,98,99,100,101,102,103,104,105,106,107,108,109,111,112,113,114,115,116,117,118,119,120,121,122,123,124,125,126,127,128,129,130,131,132,133,134,135,136,137,138,139,140,141,142,143,144,145,146,147,148,149,150,151,152,153,154,155,156,157,158,159,160,161,162,163,164,165,166,167,168,169,170,171,172,173,174,175,176,177,178,179,180,181,183,185,186,187,188,189,190,191,192,193,194,195,196,197,198,199,200,201,202,203,204,205,206,207,208,209,210,211,212,213,214,215,217,219,220,221,222,223,224,225,227,228,229,230,231,232,234,235,236,237,238,239,240,241,242,245,248,251,253,254,255,256,257,258,260,264,265,266,268,269,271,272,273,274,275,Anomaly
2015-10-17 21:20:00,4,36,4,4,4,4,36,12,4,36,36,4,4,4,4,4,12,4,8,8,4,8,8,4,4,4,4,8,8,4,4,4,4,4,4,4,4,4,4,4,4,4,4,4,4,140,208,8,4,4,2,93,93,7,32,2,8,4,4,4,32,32,32,32,32,32,44,32,32,196,0,0,0,0,0,0,0,0,0,0,0,1,0,0,0,0,0,0,0,0,0,0,0,0,0,0,1,0,0,0,0,0,0,0,0,0,0,0,0,0,0,0,0,0,0,0,0,0,0,0,32,32,32,32,32,32,32,32,92,32,32,32,32,32,60,60,60,31,31,0,0,0,0,0,0,0,0,0,0,0,0,0,0,0,0,0,0,0,0,0,0,0,0,0,0,0,2,3,0,0,0,0,0,0,0,0,0,0,0,0,0,0,0,0,0,0,2,1,1,0,5,1,1,1,0,0,0,0,0,0,0,0,0,0,0,0,0,0,0,0,0,0,0,0,0,0,0,0,0,0,0,0,0,0,0,0,0,0,0,0,0,0,0,0,0,0,0,0,0,0,0,0,0,0,0,0,0,0,0,0,0,0,0,0
2015-10-17 21:25:00,0,37,0,0,0,0,0,0,0,37,37,0,0,0,0,0,0,0,0,0,0,0,0,0,0,0,0,0,0,0,0,0,0,0,0,0,0,0,0,0,0,0,0,0,16,95,273,0,0,6,13,328,138,39,41,8,0,0,0,0,90,41,90,41,41,41,37,37,37,2300,34,49,34,34,11,11,11,4,1,3,4,49,41,4,53,698,23,8,15,0,0,0,0,0,0,0,0,0,0,0,0,0,0,0,0,0,0,0,0,0,0,0,0,0,0,0,0,0,0,0,55,37,37,37,37,34,34,30,281,30,30,30,30,30,288,288,288,294,257,38,37,37,34,34,22,22,4,4,4,4,27,27,25,27,31,31,29,24,0,0,0,0,0,0,0,0,17,9,102,32,8,8,0,0,0,0,0,8,0,0,0,0,0,0,1,0,13,0,0,54,3,0,2,0,9,6,0,0,0,0,0,0,0,0,0,0,0,0,0,0,0,0,0,0,0,0,0,0,0,0,0,0,0,0,0,0,0,0,0,0,0,0,0,0,0,0,0,0,0,0,0,0,0,0,0,0,0,0,0,0,0,0,0,1
2015-10-17 21:30:00,0,12,0,0,0,0,0,0,0,12,12,0,0,0,0,0,0,0,0,0,0,0,0,0,0,0,0,0,0,0,0,0,0,0,0,0,0,0,0,0,0,0,0,0,10,25,107,0,0,0,0,0,0,8,8,0,0,0,0,0,36,8,36,8,8,8,17,12,12,1351,18,28,18,18,9,9,7,0,0,0,0,28,23,0,32,856,18,10,10,0,0,0,0,0,0,0,0,0,0,0,0,0,0,0,0,0,0,0,0,0,0,0,0,0,0,0,0,0,0,0,22,12,12,12,12,15,15,15,116,15,15,15,15,15,119,119,119,125,107,19,20,19,18,18,10,10,0,0,0,0,19,19,17,19,21,21,21,20,1,2,2,2,2,1,0,0,0,0,0,0,0,0,5,0,0,0,0,0,0,0,0,0,0,0,0,0,11,0,0,0,0,0,0,0,0,2,3,0,0,0,0,0,0,0,0,0,0,0,0,0,0,0,0,0,0,0,0,0,0,0,0,0,0,0,0,0,0,0,0,0,0,0,0,0,0,0,0,0,0,0,0,0,0,0,0,0,0,0,0,0,0,0,0,1
2015-10-17 21:35:00,0,0,0,0,0,0,0,0,0,0,0,0,0,0,0,0,0,0,0,0,0,0,0,0,0,0,0,0,0,0,0,0,0,0,0,0,0,0,0,0,0,0,0,0,0,0,0,0,0,0,0,0,0,0,0,0,0,0,0,0,0,0,0,0,0,0,0,0,0,399,0,0,0,0,0,0,0,0,0,0,0,0,0,0,0,29,0,0,0,0,0,0,0,0,0,0,0,0,0,0,0,0,0,0,0,0,0,0,0,0,0,0,0,0,0,0,0,0,0,0,0,0,0,0,0,0,0,0,0,0,0,0,0,0,0,0,0,0,0,0,2,3,0,0,0,0,0,0,0,0,0,0,0,0,0,0,2,2,2,2,2,2,2,3,0,0,0,0,0,0,0,0,0,0,0,0,0,0,0,0,0,0,0,0,0,0,0,0,0,0,0,0,0,0,0,0,0,0,0,0,0,0,0,0,0,0,0,0,0,0,0,0,0,0,0,0,0,0,0,0,0,0,0,0,0,0,0,0,0,0,0,0,0,0,0,0,0,0,0,0,0,0,0,0,0,0,0,0,0,0,0,0,0,0
2015-10-17 21:40:00,0,0,0,0,0,0,0,0,0,0,0,0,0,0,0,0,0,0,0,0,0,0,0,0,0,0,0,0,0,0,0,0,0,0,0,0,0,0,0,0,0,0,0,0,0,0,0,0,0,0,0,0,0,0,0,0,0,0,0,0,0,0,0,0,0,0,0,0,0,303,0,0,0,0,0,0,0,0,0,0,0,0,0,0,0,0,0,0,0,3,3,0,0,0,0,0,0,0,0,0,0,0,0,0,0,0,0,3,3,0,0,0,0,0,0,0,0,0,0,0,0,0,0,0,0,0,0,0,0,0,0,0,0,0,0,0,0,0,0,0,0,0,0,0,0,0,0,0,0,0,0,0,0,0,0,0,0,0,0,0,0,0,0,0,0,0,0,0,0,0,0,0,0,34,29,6,5,0,11,0,0,0,0,0,0,0,0,0,0,0,0,0,0,0,0,0,0,0,0,0,0,0,0,0,0,0,0,0,0,0,0,0,0,0,0,0,0,0,0,0,0,0,0,0,0,0,0,0,0,0,0,0,0,0,0,0,0,0,0,0,0,0,0,0,0,0,0,0,0,0,0,0,0,1
2015-10-17 21:45:00,2,29,2,2,2,2,18,7,2,29,29,2,2,2,2,2,11,2,4,4,2,4,4,2,2,2,2,4,4,2,2,2,2,2,2,2,2,2,2,2,2,2,2,2,8,147,215,4,2,3,4,95,93,20,27,1,4,2,2,2,44,27,44,27,47,27,27,27,27,615,13,17,26,26,6,6,6,2,0,0,0,16,16,2,20,135,17,4,4,0,0,6,2,2,2,2,4,2,2,2,6,3,3,3,3,4,4,2,2,6,2,2,2,2,2,2,2,2,2,2,25,27,27,27,27,25,25,23,116,23,23,23,23,23,108,108,108,105,90,15,15,15,14,13,0,0,2,2,2,2,10,10,7,9,14,14,12,7,0,0,0,0,0,0,2,2,0,1,0,0,0,0,0,0,0,0,11,11,3,1,1,13,1,13,2,0,4,0,0,0,0,0,0,0,0,6,0,1,1,0,0,0,0,0,0,16,7,2,0,2,2,0,0,0,0,0,0,0,0,0,0,0,0,0,0,0,0,0,0,0,0,0,0,0,0,0,0,0,0,0,0,0,0,0,0,0,0,0,0,0,0,0,0,1
2015-10-17 21:50:00,0,13,0,0,0,0,0,0,0,13,13,0,0,0,0,0,0,0,0,0,0,0,0,0,0,0,0,0,0,0,0,0,0,0,0,0,0,0,0,0,0,0,0,0,15,42,113,0,0,1,0,3,0,13,13,0,0,0,0,0,36,13,36,13,13,13,13,13,13,655,9,23,9,9,4,4,4,0,0,1,0,23,15,2,20,432,14,6,14,0,0,4,0,0,0,0,1,0,0,0,0,0,0,0,0,0,0,0,0,0,0,0,0,0,0,0,0,0,0,0,11,13,13,13,13,14,14,12,85,12,12,12,12,12,80,80,80,72,65,8,9,8,9,9,0,0,2,2,2,2,16,16,11,15,26,26,26,16,2,2,2,2,2,1,0,0,0,1,0,0,8,8,0,0,0,0,5,28,0,0,0,0,0,0,1,1,0,1,1,0,0,0,0,0,0,3,1,0,0,1,1,1,1,1,1,19,0,1,1,0,0,0,0,0,0,0,0,0,0,0,0,0,0,0,0,0,0,0,0,0,0,0,0,0,0,0,0,0,0,0,0,0,0,0,0,0,0,0,0,0,0,0,0,1
2015-10-17 21:55:00,0,0,0,0,0,0,0,0,0,0,0,0,0,0,0,0,0,0,0,0,0,0,0,0,0,0,0,0,0,0,0,0,0,0,0,0,0,0,0,0,0,0,0,0,0,0,0,0,0,0,0,0,0,0,0,0,0,0,0,0,0,0,0,0,0,0,0,0,0,199,0,0,0,0,0,0,0,0,0,0,0,0,0,0,0,0,0,0,0,0,0,0,0,0,0,0,0,0,0,0,0,0,0,0,0,0,0,0,0,0,0,0,0,0,0,0,0,0,0,0,0,0,0,0,0,0,0,0,0,0,0,0,0,0,0,0,0,0,0,0,0,1,0,0,0,0,0,0,0,0,0,0,0,0,0,0,0,0,0,0,0,0,0,1,0,0,0,0,0,0,0,0,0,0,0,0,0,0,0,0,0,0,0,0,0,0,0,0,0,0,0,0,0,0,0,0,0,0,0,0,0,0,0,0,0,0,0,0,0,0,0,0,0,0,0,0,0,0,0,0,0,0,0,0,0,0,0,0,0,0,0,0,0,0,0,0,0,0,0,0,0,0,0,0,0,0,0,0,0,0,0,0,0,0
2015-10-17 22:00:00,1,4,1,1,1,1,9,4,1,4,4,1,1,1,1,1,7,1,2,2,1,2,2,1,1,1,1,2,2,1,1,1,1,1,1,1,1,1,1,1,1,1,1,1,4,61,59,2,1,1,0,1,0,2,3,0,2,1,1,1,7,3,7,3,21,3,3,3,3,218,3,4,16,16,1,1,1,1,0,0,0,2,2,1,3,97,3,1,1,0,0,1,2,2,2,2,0,0,2,2,4,2,2,2,2,4,4,0,0,6,2,2,2,2,2,2,2,2,2,2,2,3,3,3,3,3,3,2,14,2,2,2,2,2,14,14,14,14,12,2,3,3,3,3,0,0,1,1,1,1,5,5,2,5,13,13,13,5,1,1,1,1,1,1,2,2,4,1,0,0,0,0,0,0,0,0,0,5,0,1,1,13,1,13,1,1,0,0,0,0,0,0,0,0,0,0,0,0,0,0,0,0,0,0,0,0,0,0,0,0,0,0,0,0,0,0,0,0,0,0,0,0,0,0,0,0,0,0,0,0,0,0,0,0,0,0,0,0,0,0,0,0,0,0,0,0,0,0,0,0,0,0,0,0
2015-10-17 22:05:00,0,0,0,0,0,0,0,0,0,0,0,0,0,0,0,0,0,0,0,0,0,0,0,0,0,0,0,0,0,0,0,0,0,0,0,0,0,0,0,0,0,0,0,0,0,0,0,0,0,0,0,0,0,0,0,0,0,0,0,0,0,0,0,0,0,0,0,0,0,100,0,0,0,0,0,0,0,0,0,0,0,0,0,0,0,0,0,0,0,0,0,0,0,0,0,0,0,0,0,0,0,0,0,0,0,0,0,0,0,0,0,0,0,0,0,0,0,0,0,0,0,0,0,0,0,0,0,0,0,0,0,0,0,0,0,0,0,0,0,0,0,0,0,0,0,0,0,0,0,0,0,0,0,0,0,0,0,0,0,0,0,0,0,0,0,0,0,0,0,0,0,0,0,0,0,0,0,0,0,0,0,0,0,0,0,0,0,0,0,0,0,0,0,0,0,0,0,0,0,0,0,0,0,0,0,0,0,0,0,0,0,0,0,0,0,0,0,0,0,0,0,0,0,0,0,0,0,0,0,0,0,0,0,0,0,0,0,0,0,0,0,0,0,0,0,0,0,0,0,0,0,0,0,0
2015-10-17 22:10:00,0,0,0,0,0,0,0,0,0,0,0,0,0,0,0,0,2,0,0,0,0,0,0,0,0,0,0,0,0,0,0,0,0,0,0,0,0,0,0,0,0,0,0,0,1,0,4,0,0,0,0,0,0,0,0,0,0,0,0,0,1,0,1,0,0,0,0,0,0,22,1,1,1,1,0,0,0,0,0,0,0,0,0,0,0,0,1,0,0,0,0,0,1,1,1,1,0,0,1,1,2,1,1,1,1,2,2,0,0,3,1,1,1,1,1,1,1,1,1,1,0,0,0,0,0,0,0,0,0,0,0,0,0,0,0,0,0,0,0,0,0,0,1,1,0,0,0,0,0,0,0,0,0,0,0,0,0,0,0,0,0,0,0,0,1,1,0,0,0,0,0,0,0,0,0,0,0,0,0,0,0,0,0,0,0,0,0,0,0,0,0,0,0,0,0,0,0,0,0,0,0,0,0,0,0,0,0,0,0,0,0,0,0,0,0,0,0,0,0,0,0,0,0,0,0,0,0,0,0,0,0,0,0,0,0,0,0,0,0,0,0,0,0,0,0,0,0,0,0,0,0,0,0,0
2015-10-17 22:25:00,6,55,6,6,6,6,54,19,6,55,55,6,6,6,6,6,19,6,12,12,6,12,12,6,6,6,6,12,12,6,6,6,6,6,6,6,6,6,6,6,6,6,6,6,12,202,377,11,6,10,0,311,306,25,50,6,10,5,5,5,79,50,80,50,60,50,48,48,48,1479,23,30,33,33,2,2,2,5,0,0,4,27,21,2,8,18,6,0,6,0,0,0,0,0,0,0,3,0,0,0,2,1,1,1,1,0,0,0,0,0,1,0,0,0,0,0,0,0,0,0,66,49,49,48,48,48,48,45,278,44,44,44,44,44,260,260,260,246,220,32,26,26,23,23,19,19,2,2,2,2,6,6,3,6,9,8,7,3,0,0,0,0,0,0,0,0,0,21,0,0,6,6,0,0,0,0,0,0,0,1,1,10,1,10,5,0,0,0,0,0,0,0,0,0,0,0,0,1,2,0,0,0,0,0,0,0,1,0,0,0,0,12,19,8,7,3,0,2,2,0,0,0,0,0,0,0,0,0,3,0,0,0,0,0,0,0,0,0,0,0,0,0,0,0,0,0,0,0,0,0,0,0,0,1
2015-10-17 22:30:00,0,19,0,0,0,0,0,0,0,19,19,0,0,0,0,0,0,0,0,0,0,0,0,0,0,0,0,0,0,0,0,0,0,0,0,0,0,0,0,0,0,0,0,0,4,32,137,0,0,0,0,15,14,17,18,0,2,1,1,1,49,18,49,18,18,18,21,20,20,1156,26,31,26,26,6,6,4,1,0,0,2,32,32,4,38,475,22,5,4,0,4,0,0,0,0,0,1,0,0,0,0,0,0,0,0,0,0,1,1,0,0,0,0,0,0,0,0,0,0,0,38,19,19,20,20,20,20,17,116,18,18,18,18,18,124,124,124,130,105,20,27,27,26,26,23,23,4,4,4,4,21,21,22,21,36,37,34,19,3,3,3,3,0,3,0,0,0,3,0,0,0,0,0,0,0,0,1,6,10,0,0,0,0,0,1,0,0,0,0,0,0,0,0,0,0,0,0,0,3,0,0,0,0,0,0,0,0,0,0,0,0,0,20,0,0,0,0,1,0,0,0,0,0,0,0,0,0,0,0,0,0,0,0,0,0,0,0,0,0,0,0,0,0,0,0,0,0,0,0,0,0,0,0,1
2015-10-17 22:35:00,0,0,0,0,0,0,0,0,0,0,0,0,0,0,0,0,2,0,0,0,0,0,0,0,0,0,0,0,0,0,0,0,0,0,0,0,0,0,0,0,0,0,0,0,1,0,8,0,0,0,0,0,0,0,0,0,0,0,0,0,3,0,3,0,0,0,0,0,0,92,2,3,2,2,2,2,0,0,0,0,0,1,1,0,1,0,2,1,0,0,0,0,1,1,1,1,0,0,1,1,2,1,1,1,1,2,2,2,2,3,1,1,1,1,1,1,1,1,1,1,0,0,0,0,0,0,0,0,0,0,0,0,0,0,0,0,0,0,0,0,0,0,4,2,0,0,0,0,0,0,0,0,0,0,0,0,0,0,0,0,0,0,0,0,1,1,0,0,0,0,0,0,0,0,0,0,0,0,59,0,0,0,0,0,0,0,0,0,0,0,0,0,0,0,0,0,0,0,0,0,0,0,0,0,0,0,0,0,0,0,0,0,0,0,0,0,0,0,0,0,0,0,0,0,0,0,0,0,0,0,0,0,0,0,0,0,0,0,0,0,0,0,0,0,0,0,0,0,0,0,0,0,0,1
2015-10-17 22:40:00,1,5,1,1,1,1,9,4,1,5,5,1,1,1,1,1,1,1,1,1,1,1,1,1,1,1,1,2,2,1,1,1,0,0,0,0,0,0,0,0,0,0,0,0,0,13,26,0,0,0,0,0,0,2,4,0,0,0,0,0,6,4,6,4,4,4,4,4,4,0,0,2,0,0,0,0,0,0,0,0,0,4,0,0,0,0,0,0,0,0,0,4,0,0,0,0,4,0,0,0,0,0,0,0,0,0,0,0,0,0,0,0,0,0,0,0,0,0,0,0,4,4,4,4,4,4,4,3,1,1,1,1,1,1,0,0,0,0,0,0,0,0,0,0,0,0,0,0,0,0,0,0,0,0,0,0,0,0,0,0,0,0,0,0,0,0,0,0,0,0,4,4,0,0,0,0,0,0,64,1,1,10,1,0,0,0,0,0,0,0,0,0,0,0,0,0,1,0,0,0,0,0,0,0,0,0,0,0,0,0,0,0,4,0,1,0,2,0,0,0,0,0,0,0,0,0,0,0,0,0,0,0,0,0,0,0,0,0,0,0,0,0,0,0,0,0,0,0,0,0,0,0,0,0
2015-10-17 22:45:00,0,3,0,0,0,0,0,0,0,3,3,0,0,0,0,0,2,0,1,1,0,1,1,0,0,0,0,0,0,0,0,0,1,1,1,1,1,1,1,1,1,1,1,1,3,40,50,1,1,1,0,1,0,3,3,0,2,1,1,1,9,3,9,3,14,3,3,3,3,257,4,6,14,14,2,2,2,1,0,0,0,6,6,1,1,21,0,2,2,0,0,0,0,0,0,0,6,0,0,0,0,0,0,0,0,0,0,1,1,0,0,0,0,0,0,0,0,0,0,0,2,3,3,3,3,3,3,3,33,5,5,5,5,5,34,34,34,34,28,6,7,7,4,4,0,0,1,1,1,1,4,4,1,4,10,10,10,4,1,1,1,1,0,1,0,0,0,1,0,0,0,0,0,0,0,0,0,0,58,0,0,0,0,10,1,0,0,0,0,0,0,0,0,0,0,0,4,0,0,0,0,0,0,0,0,0,0,0,0,0,0,0,6,0,0,0,0,2,0,0,0,0,0,0,0,0,0,0,0,0,0,0,0,0,0,0,0,0,0,0,0,0,0,0,0,0,0,0,0,0,0,0,0,1
2015-10-17 22:50:00,1,2,1,1,1,1,9,4,1,2,2,1,1,1,1,1,5,1,2,2,1,2,2,1,1,1,1,2,2,1,1,1,1,1,1,1,1,1,1,1,1,1,1,1,2,31,29,1,1,1,0,1,0,1,1,0,2,1,1,1,2,1,2,1,11,1,1,1,1,92,1,1,11,11,0,0,0,1,0,0,0,0,0,1,1,64,1,0,0,0,0,0,1,1,1,1,0,0,1,1,2,1,1,1,1,2,2,0,0,3,1,1,1,1,1,1,1,1,1,1,0,1,1,1,1,1,1,0,0,0,0,0,0,0,0,0,0,0,0,0,1,1,1,1,0,0,1,1,1,1,4,4,1,4,10,10,10,4,1,1,1,1,0,1,1,1,0,1,0,0,0,0,0,0,0,0,25,0,37,1,1,10,1,10,1,0,0,0,0,0,0,0,0,0,0,0,0,0,0,0,0,0,0,0,0,0,0,0,0,0,0,2,0,0,0,0,0,0,0,0,0,0,0,0,0,0,0,0,0,0,0,0,0,0,0,0,0,0,0,0,0,0,0,0,0,0,0,0,0,0,0,0,0,0
2015-10-17 22:55:00,0,0,0,0,0,0,0,0,0,0,0,0,0,0,0,0,2,0,0,0,0,0,0,0,0,0,0,0,0,0,0,0,0,0,0,0,0,0,0,0,0,0,0,0,1,0,4,0,0,0,0,0,0,0,0,0,0,0,0,0,1,0,1,0,0,0,0,0,0,28,1,1,1,1,0,0,0,0,0,0,0,0,0,0,0,0,1,0,0,0,0,0,1,1,1,1,0,0,1,1,2,1,1,1,1,2,2,0,0,3,1,1,1,1,1,1,1,1,1,1,0,0,0,0,0,0,0,0,0,0,0,0,0,0,0,0,0,0,0,0,0,0,1,1,0,0,0,0,0,0,0,0,0,0,0,0,0,0,0,0,0,0,0,0,1,1,0,0,0,0,0,0,0,0,0,0,22,0,0,0,0,0,0,0,0,0,0,0,0,0,0,0,0,0,0,0,0,0,0,0,0,0,0,0,0,0,0,0,0,0,0,0,0,0,0,0,0,0,0,0,0,0,0,0,0,0,0,0,0,0,0,0,0,0,0,0,0,0,0,0,0,0,0,0,0,0,0,0,0,0,0,0,0,0
2015-10-17 23:05:00,4,36,4,4,4,4,36,12,4,36,36,4,4,4,4,4,12,4,8,8,4,8,8,4,4,4,4,8,8,4,4,4,4,4,4,4,4,4,4,4,4,4,4,4,4,125,210,8,4,7,0,238,229,17,32,11,8,4,4,4,40,32,40,32,32,32,32,32,32,673,8,8,8,8,2,2,2,3,0,1,0,9,8,0,0,0,0,0,0,0,0,0,0,0,0,0,2,0,0,0,0,0,0,0,0,0,0,0,0,0,0,0,0,0,0,0,0,0,0,0,35,32,32,32,32,32,32,32,140,32,32,32,32,32,120,120,120,105,93,12,12,12,8,8,3,3,0,0,0,0,0,0,0,0,0,0,0,0,0,0,0,0,0,0,0,0,0,2,0,0,0,0,0,0,0,0,0,0,0,0,0,0,0,0,1,0,0,0,0,0,0,1,0,1,0,0,0,0,0,0,0,0,0,0,0,0,3,0,0,0,0,0,17,0,0,0,0,4,8,4,3,1,0,0,0,0,7,0,0,0,0,1,0,0,0,0,0,0,0,0,0,0,0,0,0,0,0,0,0,0,0,0,0,0
2015-10-17 23:10:00,0,32,0,0,0,0,0,0,0,32,32,0,0,0,0,0,0,0,0,0,0,0,0,0,0,0,0,0,0,0,0,0,0,0,0,0,0,0,0,0,0,0,0,0,21,76,252,0,0,3,0,26,7,31,32,3,0,0,0,0,84,32,84,32,32,32,34,32,32,1869,32,52,32,32,14,14,11,1,0,3,6,52,42,6,55,715,16,13,20,0,0,0,0,0,0,0,1,1,0,0,0,0,0,0,0,0,0,0,0,0,0,0,0,0,0,0,0,0,0,0,47,32,32,32,32,32,32,26,213,26,26,26,26,26,219,219,219,225,192,33,34,34,32,32,21,21,6,6,6,6,20,20,21,20,28,28,21,13,2,2,2,2,0,2,0,0,0,0,0,0,8,8,2,0,0,0,0,8,0,0,0,0,0,0,1,0,0,0,0,0,0,0,0,0,0,0,0,0,0,0,0,0,0,0,0,0,1,0,1,0,0,0,35,0,0,0,0,0,1,6,0,5,5,1,2,0,16,2,2,3,2,0,1,0,0,0,0,0,0,0,0,0,0,0,0,0,0,0,0,0,0,0,0,1
2015-10-17 23:15:00,0,0,0,0,0,0,0,0,0,0,0,0,0,0,0,0,0,0,0,0,0,0,0,0,0,0,0,0,0,0,0,0,0,0,0,0,0,0,0,0,0,0,0,0,0,0,0,0,0,0,0,0,0,0,0,0,0,0,0,0,0,0,0,0,0,0,0,0,0,393,0,0,0,0,0,0,0,0,0,0,0,0,0,0,0,581,0,0,0,0,0,0,0,0,0,0,0,0,0,0,0,0,0,0,0,0,0,0,0,0,0,0,0,0,0,0,0,0,0,0,0,0,0,0,0,0,0,0,0,0,0,0,0,0,0,0,0,0,0,0,0,0,0,0,0,0,0,0,0,0,1,1,0,1,6,6,7,2,0,0,0,0,0,0,0,0,0,0,0,0,0,0,0,0,0,0,0,0,0,0,0,0,0,0,0,0,0,0,0,0,0,0,0,0,0,0,0,0,0,0,0,0,0,0,0,0,0,0,0,0,0,0,0,0,0,0,0,0,0,0,0,0,0,0,0,0,0,0,0,0,0,0,0,0,0,0,0,0,0,0,0,0,0,0,0,0,0,0,0,0,0,0,0,0
2015-10-17 23:20:00,1,12,1,1,1,1,9,3,1,12,12,1,1,1,1,1,5,1,2,2,1,2,2,1,1,1,1,2,2,1,1,1,1,1,1,1,1,1,1,1,1,1,1,1,2,31,89,2,1,2,0,3,2,2,11,0,2,1,1,1,22,11,22,11,11,11,11,11,11,642,11,11,11,11,0,0,0,1,0,0,0,10,10,1,8,739,8,0,0,0,0,0,1,1,1,1,1,0,1,1,2,1,1,1,1,2,2,0,0,3,1,1,1,1,1,1,1,1,1,1,10,11,11,11,11,11,11,10,68,10,10,10,10,10,68,68,68,68,58,10,10,10,11,11,0,0,1,1,1,1,6,6,7,6,11,11,10,5,0,0,0,0,0,0,1,1,0,2,0,0,0,0,0,0,0,0,0,0,0,0,0,0,0,0,1,0,0,0,0,0,0,0,0,0,0,0,0,0,0,0,0,0,0,0,0,0,0,0,0,0,0,0,4,0,0,0,0,0,0,0,0,0,0,0,0,0,0,0,0,0,0,0,0,0,0,0,0,0,0,0,0,0,0,0,0,0,0,0,0,0,0,0,0,0
2015-10-17 23:25:00,0,0,0,0,0,0,0,0,0,0,0,0,0,0,0,0,2,0,0,0,0,0,0,0,0,0,0,0,0,0,0,0,0,0,0,0,0,0,0,0,0,0,0,0,1,0,4,0,0,0,0,0,0,0,0,0,0,0,0,0,1,0,1,0,0,0,0,0,0,356,1,1,1,1,0,0,0,0,0,0,0,1,1,0,0,656,0,0,0,0,0,0,1,1,1,1,0,0,1,1,2,1,1,1,1,2,2,0,0,3,1,1,1,1,1,1,1,1,1,1,0,0,0,0,0,0,0,0,0,0,0,0,0,0,0,0,0,0,0,0,3,3,1,1,1,0,1,0,0,0,0,0,0,0,7,7,12,5,3,3,3,3,0,3,1,1,0,0,0,0,0,0,0,0,0,0,0,0,0,0,0,0,0,0,0,0,0,0,0,0,0,0,0,0,0,0,0,0,0,0,0,0,0,0,0,0,0,0,0,0,0,0,0,0,0,0,0,0,0,0,0,0,1,0,1,1,0,0,0,0,0,0,0,0,0,0,0,0,0,0,0,0,0,0,0,0,0,0,0,0,0,0,0,0
2015-10-17 23:30:00,0,0,0,0,0,0,0,0,0,0,0,0,0,0,0,0,0,0,0,0,0,0,0,0,0,0,0,0,0,0,0,0,0,0,0,0,0,0,0,0,0,0,0,0,0,0,0,0,0,0,0,0,0,0,0,0,0,0,0,0,0,0,0,0,0,0,0,0,0,295,0,0,0,0,0,0,0,0,0,0,0,0,0,0,0,0,0,0,0,0,0,0,0,0,0,0,0,0,0,0,0,0,0,0,0,0,0,0,0,0,0,0,0,0,0,0,0,0,0,0,0,0,0,0,0,0,0,0,0,0,0,0,0,0,0,0,0,0,0,0,0,0,0,0,0,0,0,0,0,0,0,0,0,0,0,0,0,0,0,0,0,0,0,0,0,0,0,0,0,0,0,0,0,0,0,0,0,0,0,0,0,0,0,0,0,0,0,0,0,0,0,0,0,0,0,0,0,0,0,0,0,0,0,0,0,0,0,0,0,0,0,0,0,0,0,0,0,0,0,0,0,0,0,0,0,0,0,0,0,0,0,0,0,0,0,0,0,0,0,0,0,0,0,0,0,0,0,0,0,0,0,0,0,0
2015-10-17 23:35:00,0,5,0,0,0,0,0,0,0,5,5,0,0,0,0,0,2,0,0,0,0,0,0,0,0,0,0,0,0,0,0,0,0,0,0,0,0,0,0,0,0,0,0,0,3,13,43,0,0,1,0,1,0,3,5,0,0,0,0,0,11,5,11,5,5,5,5,5,5,303,4,6,4,4,1,1,1,0,0,0,0,6,5,1,6,254,6,1,1,0,0,3,1,1,1,1,2,0,1,1,2,1,1,1,1,2,2,0,0,3,1,1,1,1,1,1,1,1,1,1,4,5,5,5,5,5,5,4,28,4,4,4,4,4,28,28,28,28,24,4,4,4,4,4,1,0,2,1,1,1,2,2,1,2,5,5,3,0,0,0,0,0,0,0,1,1,0,1,0,0,1,1,0,0,0,0,0,0,0,0,0,0,0,0,1,0,0,0,0,0,0,0,0,0,0,0,0,0,0,0,0,0,0,0,0,0,0,0,0,0,0,0,6,0,0,0,0,0,0,0,0,0,0,0,0,1,0,0,0,0,0,0,0,0,0,0,0,0,0,0,0,0,0,0,0,0,0,0,0,0,0,0,0,1
2015-10-17 23:40:00,0,2,0,0,0,0,0,0,0,2,2,0,0,0,0,0,0,0,0,0,0,0,0,0,0,0,0,0,0,0,0,0,0,0,0,0,0,0,0,0,0,0,0,0,2,2,12,0,0,2,0,2,0,2,2,0,0,0,0,0,4,2,4,2,2,2,2,2,2,170,0,2,0,0,0,0,0,0,0,0,0,2,0,2,2,222,0,0,1,0,0,3,0,0,0,0,2,0,0,0,0,0,0,0,0,0,0,0,0,0,0,0,0,0,0,0,0,0,0,0,0,2,2,2,2,2,2,0,0,0,0,0,0,0,0,0,0,0,0,0,2,2,0,0,0,0,2,2,2,2,8,8,2,8,24,24,24,8,2,2,2,2,0,2,0,0,0,1,0,0,2,2,0,0,0,0,0,8,0,0,0,0,0,0,2,0,0,0,0,0,0,0,0,0,0,0,0,0,0,0,0,0,0,0,0,0,0,0,0,0,0,0,4,1,0,0,0,0,0,0,0,0,0,0,0,0,0,0,0,0,0,0,0,0,0,0,0,0,0,0,0,0,0,0,0,0,0,0,0,0,0,0,0,1
2015-10-17 23:45:00,0,0,0,0,0,0,0,0,0,0,0,0,0,0,0,0,0,0,0,0,0,0,0,0,0,0,0,0,0,0,0,0,0,0,0,0,0,0,0,0,0,0,0,0,0,0,0,0,0,0,0,0,0,0,0,0,0,0,0,0,0,0,0,0,0,0,0,0,0,198,0,0,0,0,0,0,0,0,0,0,0,0,0,0,0,0,0,0,0,0,0,3,0,0,0,0,0,0,0,0,0,0,0,0,0,0,0,0,0,0,0,0,0,0,0,0,0,0,0,0,0,0,0,0,0,0,0,0,0,0,0,0,0,0,0,0,0,0,0,0,0,0,1,1,0,0,0,0,0,0,0,0,0,0,0,0,0,0,0,0,0,0,0,0,1,1,0,0,0,0,0,0,0,0,0,0,0,0,0,0,0,0,0,0,0,0,0,0,0,0,0,0,0,0,0,0,0,0,0,0,0,0,0,0,0,0,0,0,0,0,0,0,0,0,0,0,0,0,0,0,0,0,0,0,0,0,0,0,0,0,0,0,0,0,0,0,0,0,0,0,0,0,0,0,0,0,0,0,0,0,0,0,0,0
2015-10-17 23:50:00,0,0,0,0,0,0,0,0,0,0,0,0,0,0,0,0,4,0,0,0,0,0,0,0,0,0,0,0,0,0,0,0,0,0,0,0,0,0,0,0,0,0,0,0,2,0,8,0,0,0,0,0,0,0,0,0,0,0,0,0,2,0,2,0,0,0,0,0,0,25,2,2,2,2,0,0,0,0,0,0,0,0,0,0,0,0,1,0,0,0,0,0,2,2,2,2,0,0,2,2,4,2,2,2,2,4,4,0,0,6,2,2,2,2,2,2,2,2,2,2,0,0,0,0,0,0,0,0,0,0,0,0,0,0,0,0,0,0,0,0,0,0,1,1,0,0,0,0,0,0,0,0,0,0,0,0,0,0,0,0,0,0,0,0,1,1,0,0,0,0,0,0,0,0,0,0,0,0,0,0,0,0,0,0,0,0,0,0,0,0,0,0,0,0,0,0,0,0,0,0,0,0,0,0,0,0,0,0,0,0,0,0,0,0,0,0,0,0,0,0,0,0,0,0,0,0,0,0,0,0,0,0,0,0,0,0,0,0,0,0,0,0,0,0,0,0,0,0,0,0,0,0,0,0
2015-10-18 21:45:00,1,13,1,1,1,1,9,3,1,13,13,1,1,1,1,1,3,1,2,2,1,2,2,1,1,1,1,2,2,1,1,1,1,1,1,1,1,1,1,1,1,1,1,1,2,36,91,2,1,2,0,4,3,2,12,0,2,1,1,1,23,12,23,12,12,12,12,12,12,416,10,11,10,10,1,1,1,1,0,0,0,11,11,1,8,127,5,1,1,0,0,0,0,0,0,0,1,0,0,0,0,0,0,0,0,0,0,0,0,0,0,0,0,0,0,0,0,0,0,0,13,12,12,12,12,12,12,11,75,11,11,11,11,11,75,75,75,75,64,11,12,12,10,10,2,2,1,1,1,1,6,6,5,6,10,10,10,6,1,1,1,1,0,1,0,0,0,0,0,0,0,0,0,0,0,0,0,0,0,0,0,0,0,0,1,0,0,0,0,0,0,0,0,0,0,0,0,0,0,0,0,0,0,0,0,0,0,0,0,0,0,0,4,1,2,0,0,0,0,0,0,0,0,0,0,0,0,1,0,0,0,0,0,0,0,0,0,0,0,0,0,0,0,0,0,0,0,0,0,0,0,0,0,0
2015-10-18 21:50:00,0,0,0,0,0,0,0,0,0,0,0,0,0,0,0,0,2,0,0,0,0,0,0,0,0,0,0,0,0,0,0,0,0,0,0,0,0,0,0,0,0,0,0,0,1,0,4,0,0,0,0,0,0,0,0,0,0,0,0,0,1,0,1,0,0,0,0,0,0,93,1,1,1,1,0,0,0,0,0,0,0,0,0,0,0,0,1,0,0,0,0,0,1,1,1,1,0,0,1,1,2,1,1,1,1,2,2,0,0,3,1,1,1,1,1,1,1,1,1,1,0,0,0,0,0,0,0,0,0,0,0,0,0,0,0,0,0,0,0,0,0,0,1,1,0,0,0,0,0,0,0,0,0,0,0,0,0,0,0,0,0,0,0,0,1,1,0,0,0,0,0,0,0,0,0,0,0,0,0,0,0,0,0,0,0,0,0,0,0,0,0,0,0,0,0,0,0,0,0,0,0,0,0,0,0,0,0,0,0,0,0,0,0,0,0,0,0,0,0,0,0,0,0,0,0,0,0,0,0,0,0,0,0,0,0,0,0,0,0,0,0,0,0,0,0,0,0,0,0,0,0,0,0,0
2015-10-19 14:20:00,4,43,4,4,4,4,36,12,4,43,43,4,4,4,4,4,12,4,8,8,4,8,8,4,4,4,4,8,8,4,4,4,4,4,4,4,4,4,4,4,4,4,4,4,5,148,259,8,4,7,0,345,342,28,40,3,8,4,4,4,57,40,57,40,40,40,39,39,39,1223,16,17,16,16,8,8,8,3,0,1,0,16,15,2,15,148,13,1,0,0,0,0,0,0,0,0,3,0,0,0,0,0,0,0,0,0,0,0,0,0,0,0,0,0,0,0,0,0,0,0,50,39,39,39,39,39,39,37,221,37,37,37,37,37,206,206,206,194,171,22,23,23,16,16,13,13,2,2,2,2,9,9,9,9,13,13,12,8,1,1,1,1,0,1,0,0,0,3,0,0,0,0,1,0,0,0,0,0,0,0,0,0,0,0,2,0,0,0,0,1,0,0,0,0,0,0,0,0,2,0,0,0,0,0,0,0,12,2,0,0,0,0,33,0,0,1,0,2,4,3,0,0,0,0,0,0,0,0,3,0,1,0,0,0,0,0,0,0,0,0,0,0,0,0,0,0,0,0,0,0,0,0,0,0
2015-10-19 14:25:00,0,24,0,0,0,0,0,0,0,24,24,0,0,0,0,0,0,0,0,0,0,0,0,0,0,0,0,0,0,0,0,0,0,0,0,0,0,0,0,0,0,0,0,0,15,49,177,0,0,3,0,101,99,25,23,3,0,0,0,0,59,23,59,23,23,23,26,24,24,1279,21,36,21,21,9,9,6,1,0,2,0,39,35,3,38,493,16,8,17,0,0,0,0,0,0,0,1,0,0,0,0,0,0,0,0,0,0,0,0,0,0,0,0,0,0,0,0,0,0,0,30,24,24,24,24,24,24,21,141,21,21,21,21,21,141,141,141,142,122,26,21,21,21,21,9,9,3,3,3,3,23,23,20,23,27,26,25,22,1,1,1,1,0,1,0,0,0,0,0,0,2,2,0,0,0,0,0,6,0,0,0,0,0,0,0,0,0,0,0,1,0,2,0,2,0,0,0,0,0,0,0,0,0,0,0,0,11,0,0,0,0,0,23,1,0,2,0,0,0,1,0,0,0,0,0,0,0,0,4,1,0,0,0,5,1,5,2,1,1,2,5,5,2,2,8,0,0,0,0,0,0,0,0,1
2015-10-19 14:30:00,1,2,1,1,1,1,9,4,1,2,2,1,1,1,1,1,5,1,2,2,1,2,2,1,1,1,1,2,2,1,1,1,1,1,1,1,1,1,1,1,1,1,1,1,5,55,55,1,1,1,0,1,0,1,1,0,2,1,1,1,8,1,8,1,19,1,1,1,1,515,4,7,14,14,0,0,0,1,0,0,0,7,7,1,5,599,2,3,3,0,0,0,1,1,1,1,1,0,1,1,2,1,1,1,1,2,2,0,0,3,1,1,1,1,1,1,1,1,1,1,3,1,1,1,1,1,1,0,10,0,0,0,0,0,16,16,16,20,15,6,7,7,4,4,4,3,2,1,1,1,7,7,4,7,13,13,12,6,2,2,2,2,0,2,1,1,0,1,0,0,0,0,0,0,0,0,0,1,0,1,1,10,1,10,1,0,0,0,0,0,0,0,0,0,0,0,0,0,0,0,0,0,0,0,0,0,0,0,0,0,0,0,2,0,0,0,0,0,0,0,0,0,0,0,0,1,0,0,0,0,0,0,0,0,0,0,0,0,0,0,0,0,0,0,2,0,0,0,0,0,0,0,0,1
2015-10-19 14:35:00,0,0,0,0,0,0,0,0,0,0,0,0,0,0,0,0,0,0,0,0,0,0,0,0,0,0,0,0,0,0,0,0,0,0,0,0,0,0,0,0,0,0,0,0,0,0,0,0,0,0,0,0,0,0,0,0,0,0,0,0,0,0,0,0,0,0,0,0,0,301,0,0,0,0,0,0,0,0,0,0,0,0,0,0,0,4,0,0,0,0,0,0,0,0,0,0,0,0,0,0,0,0,0,0,0,0,0,0,0,0,0,0,0,0,0,0,0,0,0,0,0,0,0,0,0,0,0,0,0,0,0,0,0,0,0,0,0,0,0,0,1,1,0,0,0,0,0,0,0,0,0,0,0,0,0,0,1,1,1,1,1,1,0,1,0,0,0,0,0,0,0,0,0,0,0,0,0,0,0,0,0,0,0,0,0,0,0,0,0,0,0,0,0,0,0,0,0,0,0,0,0,0,0,0,0,0,0,0,0,0,0,0,0,0,0,0,0,0,0,0,0,0,0,0,0,0,0,0,0,0,0,0,0,0,0,0,0,0,0,0,0,0,0,0,0,0,0,0,0,0,0,0,0,0
2015-10-19 14:40:00,1,12,1,1,1,1,9,3,1,12,12,1,1,1,1,1,9,1,2,2,1,2,2,1,1,1,1,2,2,1,1,1,1,1,1,1,1,1,1,1,1,1,1,1,4,32,97,2,1,2,0,12,11,4,11,3,2,1,1,1,24,11,24,11,11,11,11,11,11,494,13,13,13,13,0,0,0,1,0,0,9,10,10,1,10,53,2,0,0,0,0,0,3,3,3,3,0,0,3,3,6,3,3,3,3,6,6,0,0,9,3,3,3,3,3,3,3,3,3,3,10,11,11,11,11,11,11,10,68,10,10,10,10,10,68,68,68,68,58,10,11,11,13,13,0,0,1,1,1,1,7,7,9,7,10,10,10,7,1,1,1,1,0,1,3,3,0,2,0,0,0,0,0,0,0,0,0,0,0,0,0,0,0,0,1,0,0,0,0,0,0,0,0,0,0,0,0,0,0,0,0,0,0,0,0,0,0,0,0,0,0,0,6,0,0,0,0,0,0,0,0,0,0,0,0,0,0,0,0,0,0,0,0,0,0,0,0,0,0,0,0,0,0,0,1,2,0,0,0,0,0,0,0,0
2015-10-19 14:45:00,0,0,0,0,0,0,0,0,0,0,0,0,0,0,0,0,2,0,0,0,0,0,0,0,0,0,0,0,0,0,0,0,0,0,0,0,0,0,0,0,0,0,0,0,1,0,4,0,0,0,0,0,0,0,0,0,0,0,0,0,1,0,1,0,0,0,0,0,0,96,1,1,1,1,0,0,0,0,0,0,0,0,0,0,0,0,1,0,0,0,0,0,1,1,1,1,0,0,1,1,2,1,1,1,1,2,2,0,0,3,1,1,1,1,1,1,1,1,1,1,0,0,0,0,0,0,0,0,0,0,0,0,0,0,0,0,0,0,0,0,0,0,1,1,0,0,0,0,0,0,0,0,0,0,0,0,0,0,0,0,0,0,0,0,1,1,0,0,0,0,0,0,0,0,0,0,0,0,0,0,0,0,0,0,0,0,0,0,0,0,0,0,0,0,0,0,0,0,0,0,0,0,0,0,0,0,0,0,0,0,0,0,0,0,0,0,0,0,0,0,0,0,0,0,0,0,0,0,0,0,0,0,0,0,0,0,0,0,0,0,0,0,0,0,0,0,0,0,0,0,0,0,0,0
2015-10-19 15:45:00,4,4,4,4,4,4,36,12,4,4,4,4,4,4,4,4,12,4,8,8,4,8,8,4,4,4,4,8,8,4,4,4,4,4,4,4,4,4,4,4,4,4,4,4,4,92,124,8,4,4,0,8,8,2,12,0,4,2,2,2,12,12,12,12,12,12,0,0,0,0,0,0,0,0,0,0,0,0,0,0,0,0,0,0,0,0,0,0,0,0,0,0,0,0,0,0,1,0,0,0,0,0,0,0,0,0,0,0,0,0,0,0,0,0,0,0,0,0,0,0,0,0,0,0,0,0,0,0,0,0,0,0,0,0,0,0,0,0,0,0,0,0,0,0,0,0,0,0,0,0,0,0,0,0,0,0,0,0,0,0,0,0,0,0,0,0,0,1,0,0,0,0,0,0,0,0,0,0,0,0,0,0,0,0,0,0,0,0,0,0,0,0,0,0,0,0,0,0,0,0,0,0,0,0,0,0,0,0,0,0,0,0,5,0,0,0,0,0,0,0,0,0,0,0,0,0,0,0,0,0,0,0,0,0,0,0,0,0,0,0,0,0,0,0,0,0,0,0,0,0,0,0,0,0
2015-10-19 15:50:00,0,51,0,0,0,0,0,0,0,51,51,0,0,0,0,0,2,0,0,0,0,0,0,0,0,0,0,0,0,0,0,0,0,0,0,0,0,0,0,0,0,0,0,0,4,69,199,0,0,4,0,493,465,36,39,3,4,2,2,2,66,39,66,39,39,39,51,51,51,1909,24,27,24,24,9,9,9,4,0,0,0,27,26,3,29,296,16,3,3,0,0,0,1,1,1,1,1,0,1,1,2,1,1,1,1,2,2,0,0,3,1,1,1,1,1,1,1,1,1,1,53,51,51,51,51,51,51,48,296,48,48,48,48,48,276,276,276,255,228,28,28,28,24,24,5,5,3,3,3,3,22,22,20,22,22,22,22,22,1,1,1,1,0,1,1,1,0,2,0,0,0,0,0,0,0,0,0,0,0,0,0,0,0,0,3,0,0,0,0,0,0,0,0,1,4,0,0,0,1,0,0,0,0,0,0,0,20,0,0,0,0,0,35,1,0,0,0,0,2,4,0,4,0,0,0,0,24,1,3,0,1,1,0,0,0,0,0,0,0,0,0,0,1,0,0,0,1,0,0,0,0,0,0,1
2015-10-19 15:55:00,2,28,2,2,2,2,18,7,2,28,28,2,2,2,2,2,10,2,4,4,2,4,4,2,2,2,2,4,4,2,2,2,2,2,2,2,2,2,2,2,2,2,2,2,18,109,246,4,2,4,0,52,41,23,26,1,4,2,2,2,66,26,66,26,37,26,26,26,26,1401,26,40,35,35,12,12,7,2,0,2,0,40,36,4,43,466,26,10,17,0,0,0,2,2,2,2,3,0,2,2,4,2,2,2,2,4,4,0,0,6,2,2,2,2,2,2,2,2,2,2,45,26,26,26,26,26,26,22,181,22,22,22,22,21,181,181,181,184,162,24,24,24,26,26,23,23,4,4,4,4,32,32,27,31,34,32,28,28,2,2,2,2,0,2,2,2,0,3,0,0,1,1,3,0,0,0,0,3,0,1,1,9,1,9,2,0,0,0,0,0,0,0,1,0,2,0,0,0,0,0,0,0,0,0,0,0,6,0,0,0,0,0,30,4,0,0,0,1,0,1,0,0,1,0,0,0,7,1,4,0,0,1,0,3,3,3,2,1,0,0,3,3,0,0,0,1,0,2,1,0,0,0,0,1
2015-10-19 16:00:00,0,1,0,0,0,0,0,0,0,1,1,0,0,0,0,0,4,0,0,0,0,0,0,0,0,0,0,0,0,0,0,0,0,0,0,0,0,0,0,0,0,0,0,0,5,3,29,0,0,0,0,0,0,1,1,0,0,0,0,0,9,1,9,1,1,1,1,1,1,267,5,8,5,5,2,2,1,0,0,0,0,6,6,0,4,225,5,3,3,0,0,0,2,2,2,2,0,0,2,2,4,2,2,2,2,4,4,0,0,6,2,2,2,2,2,2,2,2,2,2,2,1,1,1,1,1,1,1,21,1,1,1,1,2,24,24,24,26,22,4,6,6,5,5,1,1,0,0,0,0,5,5,3,5,10,10,12,7,2,2,2,2,0,2,2,2,0,0,0,0,0,0,0,0,0,0,0,0,0,0,0,0,0,0,0,0,0,0,0,0,0,0,0,0,0,0,0,0,0,0,0,0,0,0,0,0,0,0,0,0,0,0,2,0,0,0,0,0,0,0,0,0,0,0,0,0,0,0,0,0,0,0,0,0,0,0,0,0,0,0,0,0,0,0,0,0,0,0,0,0,0,0,0,1
2015-10-19 17:35:00,4,28,4,4,4,4,36,12,4,27,28,4,4,4,4,4,12,4,8,8,4,8,8,4,4,4,4,8,8,4,4,4,4,4,4,4,4,4,4,4,4,4,4,4,4,114,160,8,4,4,0,85,85,12,24,3,8,4,4,4,24,24,24,24,24,24,24,24,24,162,0,0,0,0,0,0,0,0,0,0,0,2,0,0,0,0,0,0,0,0,0,0,0,0,0,0,2,0,0,0,0,0,0,0,0,0,0,0,0,0,0,0,0,0,0,0,0,0,0,0,24,24,24,24,24,24,24,24,64,24,24,24,24,24,41,41,41,28,28,1,0,0,0,0,0,0,0,0,0,0,0,0,0,0,0,0,0,0,0,0,0,0,0,0,0,0,0,1,0,0,0,0,0,0,0,0,0,0,0,0,0,0,0,0,0,0,0,0,0,0,0,2,0,2,0,0,0,0,0,0,0,0,0,0,0,0,6,0,0,0,0,0,10,0,0,0,0,0,0,0,0,0,0,0,0,0,0,0,5,0,0,0,0,0,0,0,0,0,0,0,0,0,1,0,0,0,0,0,0,0,0,0,0,0
2015-10-19 17:40:00,0,8,0,0,0,0,0,0,0,8,8,0,0,0,0,0,2,0,0,0,0,0,0,0,0,0,0,0,0,0,0,0,0,0,0,0,0,0,0,0,0,0,0,0,4,25,85,0,0,2,0,139,137,8,9,0,0,0,0,0,28,9,28,9,9,9,16,9,9,991,16,19,16,16,8,8,7,2,0,2,0,19,18,2,16,203,5,3,3,0,0,0,1,1,1,1,1,0,1,1,2,1,1,1,1,2,2,0,0,3,1,1,1,1,1,1,1,1,1,1,17,8,8,8,8,8,8,7,131,7,7,7,7,7,140,140,140,141,124,16,18,18,16,16,11,10,2,1,1,1,7,7,3,7,10,10,10,7,1,1,1,1,0,1,1,1,0,3,0,0,0,0,1,0,0,0,0,0,30,0,0,0,0,0,0,0,0,0,0,2,0,0,0,0,0,0,2,0,2,0,0,0,0,0,0,0,0,0,0,0,0,0,13,0,0,1,0,0,0,2,0,0,0,0,0,1,0,0,0,0,1,0,0,0,0,0,0,0,0,0,0,0,0,2,5,0,0,0,0,0,0,0,0,1
2015-10-19 17:45:00,1,9,1,1,1,1,9,3,1,9,9,1,1,1,1,1,3,1,2,2,1,2,2,1,1,1,1,2,2,1,1,1,1,1,1,1,1,1,1,1,1,1,1,1,3,36,66,2,1,1,0,146,146,8,8,1,2,1,1,1,16,8,16,8,8,8,8,8,8,515,4,8,4,4,5,5,0,0,0,0,0,6,6,0,5,300,0,4,2,0,0,0,0,0,0,0,0,0,0,0,0,0,0,0,0,0,0,0,0,0,0,0,0,0,0,0,0,0,0,0,10,8,8,8,8,8,8,8,52,8,8,8,8,8,47,47,47,46,43,3,3,3,4,4,2,2,0,0,0,0,0,0,0,0,0,0,0,0,0,0,0,0,0,0,0,0,0,0,0,0,0,0,0,0,0,0,10,0,48,0,0,0,0,0,0,0,0,0,0,0,0,0,0,0,0,0,4,0,0,0,0,0,0,0,0,0,7,0,0,2,2,0,7,0,0,0,0,0,0,1,0,0,0,0,0,0,0,0,1,0,0,0,0,0,0,0,0,0,0,0,0,0,0,0,0,0,0,0,0,0,0,0,0,1
2015-10-19 17:50:00,2,25,2,2,2,2,18,10,2,25,25,2,2,2,2,2,6,2,4,4,2,4,4,2,2,2,2,4,4,2,2,2,2,2,2,2,2,2,2,2,2,2,2,2,2,80,142,4,2,4,0,248,246,13,23,1,4,2,2,2,33,23,33,23,23,23,22,22,22,1182,9,10,9,9,4,4,4,2,0,0,1,12,9,2,13,400,8,0,0,0,0,0,0,0,0,0,2,0,0,0,0,0,0,0,0,0,0,3,3,0,0,0,0,0,0,0,0,0,0,0,29,23,23,22,22,22,22,20,137,20,20,20,20,20,136,136,136,138,120,19,18,18,9,9,8,8,2,2,2,2,5,5,7,5,6,6,4,3,0,0,0,0,0,0,0,0,0,2,0,0,3,3,0,0,0,0,60,0,1,2,4,0,0,0,2,0,0,0,0,0,0,0,0,0,0,0,0,0,1,0,0,0,0,0,0,0,5,0,0,1,1,0,19,2,0,0,1,0,0,1,0,0,0,0,0,0,0,0,0,0,0,0,0,0,0,0,0,0,0,0,0,0,0,0,0,0,0,0,0,0,2,2,0,1
2015-10-19 17:55:00,0,11,0,0,0,0,0,0,0,11,11,0,0,0,0,0,0,0,0,0,0,0,0,0,0,0,0,0,0,0,0,0,0,0,0,0,0,0,0,0,0,0,0,0,7,26,110,0,0,1,0,26,25,10,11,0,0,0,0,0,37,11,37,11,11,11,11,11,11,1217,19,26,19,19,8,8,5,1,0,0,0,27,25,1,27,913,9,7,7,0,0,0,0,0,0,0,1,0,0,0,0,0,0,0,0,0,0,0,0,0,0,0,0,0,0,0,0,0,0,0,20,11,11,11,11,11,11,10,89,10,10,10,10,10,91,91,91,91,79,12,13,13,19,19,10,10,1,1,1,1,14,14,15,14,22,22,22,14,1,1,1,1,0,1,0,0,0,0,0,0,0,0,1,0,0,0,40,0,0,0,0,0,0,0,1,0,0,0,0,0,0,1,0,1,0,0,1,0,0,0,0,0,0,0,0,0,3,0,0,0,0,0,12,0,0,1,0,0,0,0,0,4,5,0,0,0,0,0,1,0,0,0,0,0,0,0,0,0,0,0,0,0,1,0,0,0,0,0,0,0,0,0,2,1
2015-10-19 18:00:00,0,0,0,0,0,0,0,0,0,0,0,0,0,0,0,0,6,0,0,0,0,0,0,0,0,0,0,0,0,0,0,0,0,0,0,0,0,0,0,0,0,0,0,0,5,0,24,0,0,0,0,0,0,0,0,0,0,0,0,0,7,0,7,0,0,0,0,0,0,344,5,7,5,5,0,0,0,0,0,0,0,5,5,0,2,434,2,2,2,0,0,0,3,3,3,3,1,0,3,3,6,3,3,3,3,6,6,0,0,9,3,3,3,3,3,3,3,3,3,3,2,0,0,0,0,0,0,0,6,0,0,0,0,0,8,8,8,10,7,2,5,5,5,5,5,2,3,0,0,0,2,2,2,2,2,2,4,4,2,2,2,2,0,2,3,3,0,0,0,0,0,0,0,0,0,0,39,0,0,0,0,0,0,0,0,0,0,0,0,0,0,0,0,0,0,0,0,0,0,0,0,0,0,0,0,0,0,0,0,0,0,0,0,0,0,0,0,0,0,0,0,0,3,0,0,3,0,0,0,0,0,0,0,0,0,0,0,0,0,0,0,0,0,0,0,0,0,0,0,0,0,0,0,1
2015-10-19 18:05:00,0,0,0,0,0,0,0,0,0,0,0,0,0,0,0,0,0,0,0,0,0,0,0,0,0,0,0,0,0,0,0,0,0,0,0,0,0,0,0,0,0,0,0,0,0,0,0,0,0,0,0,0,0,0,0,0,0,0,0,0,0,0,0,0,0,0,0,0,0,79,0,0,0,0,0,0,0,0,0,0,0,0,0,0,0,238,0,0,0,0,0,0,0,0,0,0,0,0,0,0,0,0,0,0,0,0,0,0,0,0,0,0,0,0,0,0,0,0,0,0,0,0,0,0,0,0,0,0,0,0,0,0,0,0,0,0,0,0,0,0,0,0,0,0,0,0,0,0,0,0,0,0,0,0,0,0,0,0,0,0,0,0,0,0,0,0,0,0,0,0,0,0,0,0,0,0,31,0,1,0,0,0,0,0,0,0,0,0,0,0,0,0,0,0,0,0,0,0,0,0,0,0,0,0,0,0,0,0,0,0,0,0,0,0,0,0,0,0,0,0,0,0,0,0,0,0,0,0,0,0,0,0,0,0,0,0,0,0,0,0,0,0,0,0,0,0,0,0,0,1,0,0,0,0
